,agerank2,Variety,variety2,Clade,agerank,Nutrient,soil,rep,id,Notes.,tuber,tuber2,tuber3,root,wgt_avg,obs,rel_biomass2
1,1,HAO 76-5,HAO 76,bert,1,High,Sterile,1,129,,NA,0,0,14.06,30.43782609,23,0
2,1,HHA 6451-23,HHA 6451,bert,1,High,Virgin,3,204,,NA,0,0,26.15,30.43782609,23,0
3,1,HAO 76-13,HAO 76,bert,1,High,Hancock,1,17,,0.76,0.76,0.76,7.12,30.43782609,23,0.024968932
4,1,HAO 58-21,HAO 58,bert,1,High,Virgin,1,256,,NA,0,0,32.48,30.43782609,23,0
5,1,HAO 58-24,HAO 58,bert,1,High,Virgin,4,388,,NA,0,0,19.43,30.43782609,23,0
6,1,HAO 58-1,HAO 58,bert,1,Low,Sterile,1,239,,1.96,1.96,1.96,23.05,30.43782609,23,0.064393561
7,1,HAO 76-4,HAO 76,bert,1,Low,Sterile,4,71,,29.06,29.06,29.06,1.82,30.43782609,23,0.954733098
8,1,HHA 6451-21,HHA 6451,bert,1,High,Virgin,1,184,,NA,0,0,26.06,30.43782609,23,0
9,1,HHA 6451-1,HHA 6451,bert,1,Low,Sterile,1,40,,NA,0,119,2.79,30.43782609,23,3.909609039
10,1,HAO 76-3,HAO 76,bert,1,Low,Sterile,3,31,,13.23,13.23,13.23,6.96,30.43782609,23,0.434656534
11,1,HAO 58-9,HAO 58,bert,1,Low,Hancock,1,18,,NA,0,0,9.95,30.43782609,23,0
12,1,HHA 6451-15,HHA 6451,bert,1,High,Hancock,3,376,,NA,0,0,22.62,30.43782609,23,0
13,1,HHA 6451-5,HHA 6451,bert,1,High,Sterile,1,190,,NA,0,0,37.53,30.43782609,23,0
14,1,HAO 58-15,HAO 58,bert,1,High,Hancock,3,375,,1.62,1.62,31.78,7.84,30.43782609,23,1.04409559
15,1,HAO 76-1,HAO 76,bert,1,Low,Sterile,1,322,,68.72,68.72,68.72,3.43,30.43782609,23,2.257717085
16,1,HAO 58-23,HAO 58,bert,1,High,Virgin,3,85,,NA,0,0,24.07,30.43782609,23,0
17,1,HHA 6451-7,HHA 6451,bert,1,High,Sterile,3,220,,NA,0,0,23.1,30.43782609,23,0
18,1,HHA 6451-20,HHA 6451,bert,1,Low,Virgin,4,233,,16.62,16.62,16.62,15.46,30.43782609,23,0.546031111
19,1,HAO 58-22,HAO 58,bert,1,High,Virgin,2,119,,NA,0,0,8.6,30.43782609,23,0
20,1,HHA 6451-18,HHA 6451,bert,1,Low,Virgin,2,202,,6.75,6.75,6.75,17.11,30.43782609,23,0.221763538
21,1,HAO 58-4,HAO 58,bert,1,Low,Sterile,4,8,,NA,0,0,15.06,30.43782609,23,0
22,1,HHA 6451-17,HHA 6451,bert,1,Low,Virgin,1,242,,NA,0,0,9.04,30.43782609,23,0
23,1,HAO 58-20,HAO 58,bert,1,Low,Virgin,4,14,,NA,0,0,7.69,30.43782609,23,0
24,1,HAO 58-18,HAO 58,bert,1,Low,Virgin,2,126,,1.82,1.82,1.82,15.66,30.43782609,23,0.059794021
25,1,HAO 76-17,HAO 76,bert,1,Low,Virgin,1,372,,95.35,95.35,95.35,4.53,30.43782609,23,3.13261531
26,1,HAO 58-5,HAO 58,bert,1,High,Sterile,1,4,,NA,0,0,9.9,30.43782609,23,0
27,1,HAO 58-17,HAO 58,bert,1,Low,Virgin,1,149,,2.48,2.48,2.48,19.09,30.43782609,23,0.081477567
28,1,HAO 76-12,HAO 76,bert,1,Low,Hancock,4,363,,89.5,89.5,89.5,2.17,30.43782609,23,2.940420244
29,1,HHA 6451-6,HHA 6451,bert,1,High,Sterile,2,55,Flowering,NA,0,0,13.27,30.43782609,23,0
30,1,HAO 76-21,HAO 76,bert,1,High,Virgin,1,288,,88.76,88.76,88.76,18.68,30.43782609,23,2.916108389
31,1,HAO 76-22,HAO 76,bert,1,High,Virgin,2,205,,58.77,58.77,58.77,13.04,30.43782609,23,1.930821204
32,1,HHA 6451-9,HHA 6451,bert,1,Low,Hancock,1,27,Flowering,NA,0,0,11.06,30.43782609,23,0
33,1,HAO 76-7,HAO 76,bert,1,High,Sterile,3,207,,66.58,66.58,66.58,12.92,30.43782609,23,2.18740983
34,1,HHA 6451-4,HHA 6451,bert,1,Low,Sterile,4,2,Flowering,NA,0,0,13.06,30.43782609,23,0
35,1,HHA 6451-24,HHA 6451,bert,1,High,Virgin,4,368,,2.01,2.01,2.01,18.66,30.43782609,23,0.066036254
36,1,HAO 76-18,HAO 76,bert,1,Low,Virgin,2,75,,8.2,8.2,8.2,1.33,30.43782609,23,0.269401631
37,1,HAO 76-19,HAO 76,bert,1,Low,Virgin,3,24,,24.12,24.12,24.12,1.91,30.43782609,23,0.792435042
38,1,HAO 76-14,HAO 76,bert,1,High,Hancock,2,341,,87.4,87.4,87.4,15.32,30.43782609,23,2.871427143
39,1,HHA 6451-8,HHA 6451,bert,1,High,Sterile,4,139,Flowering,1.55,1.55,1.55,14.04,30.43782609,23,0.050923479
40,1,HAO 76-6,HAO 76,bert,1,High,Sterile,2,408,,105.27,105.27,105.27,6.7,30.43782609,23,3.458525576
41,1,HAO 58-8,HAO 58,bert,1,High,Sterile,4,392,,NA,0,0,24.96,30.43782609,23,0
42,1,HAO 76-9,HAO 76,bert,1,Low,Hancock,1,385,,69.6,69.6,69.6,3.41,30.43782609,23,2.28662848
43,1,HAO 58-6,HAO 58,bert,1,High,Sterile,2,320,,54.8,54.8,54.8,20.22,30.43782609,23,1.800391389
44,1,HHA 6451-2,HHA 6451,bert,1,Low,Sterile,2,351,,NA,0,25.13,7.49,30.43782609,23,0.825617438
45,1,HAO 76-8,HAO 76,bert,1,High,Sterile,4,192,,71.99,71.99,71.99,12.43,30.43782609,23,2.365149199
46,1,HAO 58-10,HAO 58,bert,1,Low,Hancock,2,284,,NA,0,0,25.48,30.43782609,23,0
47,1,HHA 6451-10,HHA 6451,bert,1,Low,Hancock,2,22,Flowering,NA,0,0,15.87,30.43782609,23,0
48,1,HHA 6451-19,HHA 6451,bert,1,Low,Virgin,3,286,,23.03,23.03,23.03,5.21,30.43782609,23,0.756624338
49,1,HAO 58-2,HAO 58,bert,1,Low,Sterile,2,72,,NA,0,0,11.48,30.43782609,23,0
50,1,HAO 76-2,HAO 76,bert,1,Low,Sterile,2,383,,86.89,86.89,86.89,5,30.43782609,23,2.854671676
51,1,HAO 58-19,HAO 58,bert,1,Low,Virgin,3,97,,NA,0,0,11.65,30.43782609,23,0
52,1,HHA 6451-3,HHA 6451,bert,1,Low,Sterile,3,280,,40.54,40.54,40.54,11.38,30.43782609,23,1.331895382
53,1,HAO 58-3,HAO 58,bert,1,Low,Sterile,3,164,,15.35,15.35,15.35,15.5,30.43782609,23,0.504306712
54,1,HAO 76-11,HAO 76,bert,1,Low,Hancock,3,45,,20.33,20.33,20.33,0.52,30.43782609,23,0.667918922
55,2,EBS 1797,EBS 1797,and,2,High,Hancock,1,43,,NA,0,0,10.33,15.10774194,31,0
56,2,EBS 1797,EBS 1797,and,2,High,Sterile,4,117,,NA,0,0,8.06,15.10774194,31,0
57,2,EBS 1797,EBS 1797,and,2,High,Virgin,2,92,,NA,0,0,10.39,15.10774194,31,0
58,2,Huagalina,Huagalina,and,2,High,Hancock,1,222,,NA,0,0,12.82,15.10774194,31,0
59,2,Huagalina,Huagalina,and,2,High,Hancock,2,273,,NA,0,0,15.53,15.10774194,31,0
60,2,Huagalina,Huagalina,and,2,High,Hancock,4,307,,NA,0,0,60.26,15.10774194,31,0
61,2,Huagalina,Huagalina,and,2,High,Sterile,1,181,,NA,0,0,17.68,15.10774194,31,0
62,2,Huagalina,Huagalina,and,2,High,Sterile,4,355,,NA,0,0,9.76,15.10774194,31,0
63,2,Huagalina,Huagalina,and,2,High,Virgin,1,19,,NA,0,0,13.11,15.10774194,31,0
64,2,Huagalina,Huagalina,and,2,High,Virgin,2,134,,NA,0,0,9.37,15.10774194,31,0
65,2,Huagalina,Huagalina,and,2,Low,Sterile,2,174,,NA,0,0,12.68,15.10774194,31,0
66,2,Huagalina,Huagalina,and,2,Low,Virgin,2,77,,NA,0,0,6.5,15.10774194,31,0
67,2,WAC 5,WAC 5,and,2,High,Hancock,3,353,,NA,0,0,4.41,15.10774194,31,0
68,2,WAC 5,WAC 5,and,2,High,Sterile,3,283,,NA,0,0,51.85,15.10774194,31,0
69,2,WAC 5,WAC 5,and,2,High,Sterile,4,289,,NA,0,0,11.56,15.10774194,31,0
70,2,WAC 5,WAC 5,and,2,High,Sterile,2,305,,NA,0,0,18.26,15.10774194,31,0
71,2,WAC 5,WAC 5,and,2,High,Virgin,3,64,,NA,0,0,9.4,15.10774194,31,0
72,2,WAC 5,WAC 5,and,2,High,Virgin,1,78,,NA,0,0,8.61,15.10774194,31,0
73,2,WAC 663,WAC 663,and,2,High,Hancock,1,169,,NA,0,0,10.97,15.10774194,31,0
74,2,WAC 663,WAC 663,and,2,High,Hancock,3,400,,NA,0,0,5.71,15.10774194,31,0
75,2,WAC 663,WAC 663,and,2,High,Sterile,4,83,,NA,0,0,9.4,15.10774194,31,0
76,2,WAC 663,WAC 663,and,2,High,Sterile,2,240,,NA,0,0,14.87,15.10774194,31,0
77,2,WAC 663,WAC 663,and,2,High,Virgin,4,13,,NA,0,0,6.37,15.10774194,31,0
78,2,WAC 663,WAC 663,and,2,High,Virgin,1,93,,NA,0,0,5.22,15.10774194,31,0
79,2,Wac 735,Wac 735,and,2,High,Hancock,3,104,,NA,0,0,19.85,15.10774194,31,0
80,2,Wac 735,Wac 735,and,2,High,Hancock,1,121,,NA,0,0,25.52,15.10774194,31,0
81,2,Wac 735,Wac 735,and,2,High,Hancock,4,381,,NA,0,0,8.94,15.10774194,31,0
82,2,Wac 735,Wac 735,and,2,High,Sterile,1,62,,NA,0,0,13.95,15.10774194,31,0
83,2,Wac 735,Wac 735,and,2,High,Sterile,4,180,,NA,0,0,22.72,15.10774194,31,0
84,2,Wac 735,Wac 735,and,2,High,Sterile,2,265,,NA,0,0,8.28,15.10774194,31,0
85,2,Wac 735,Wac 735,and,2,High,Virgin,1,155,,NA,0,0,15.56,15.10774194,31,0
86,2,Wac 735,Wac 735,and,2,High,Virgin,2,171,,NA,0,0,13.25,15.10774194,31,0
87,2,Huagalina,Huagalina,and,2,Low,Sterile,4,338,,31.48,31.48,31.48,8.26,15.10774194,31,2.083699876
88,2,WAC 5,WAC 5,and,2,Low,Hancock,4,50,,15.53,15.53,15.53,4.55,15.10774194,31,1.02794978
89,2,Wac 735,Wac 735,and,2,Low,Virgin,1,3,,2.71,2.71,2.71,0.48,15.10774194,31,0.179378229
90,2,Wac 735,Wac 735,and,2,High,Virgin,4,276,,0.22,0.22,0.22,6.46,15.10774194,31,0.01456207
91,2,EBS 1797,EBS 1797,and,2,Low,Virgin,4,285,,32.9,32.9,32.9,2.77,15.10774194,31,2.177691421
92,2,Huagalina,Huagalina,and,2,Low,Virgin,4,135,,0.93,0.93,0.93,11.09,15.10774194,31,0.061557843
93,2,EBS 1797,EBS 1797,and,2,High,Sterile,1,193,,1.21,1.21,1.21,9.14,15.10774194,31,0.080091387
94,2,EBS 1797,EBS 1797,and,2,High,Virgin,1,189,,17.48,17.48,17.48,13.95,15.10774194,31,1.157022676
95,2,WAC 663,WAC 663,and,2,Low,Sterile,3,374,,NA,0,1.62,0.67,15.10774194,31,0.10722979
96,2,WAC 5,WAC 5,and,2,High,Hancock,4,342,,1.72,1.72,1.72,2.91,15.10774194,31,0.113848913
97,2,EBS 1797,EBS 1797,and,2,High,Virgin,4,306,,1.77,1.77,1.77,18.85,15.10774194,31,0.117158475
98,2,EBS 1797,EBS 1797,and,2,Low,Sterile,3,304,,36.78,36.78,36.78,18.26,15.10774194,31,2.434513388
99,2,WAC 663,WAC 663,and,2,Low,Sterile,4,99,,25.13,25.13,25.13,1.2,15.10774194,31,1.663385575
100,2,EBS 1797,EBS 1797,and,2,Low,Sterile,2,337,,38.3,38.3,38.3,2.89,15.10774194,31,2.535124055
101,2,EBS 1797,EBS 1797,and,2,Low,Sterile,4,227,Flowering,38.33,38.33,38.33,9.75,15.10774194,31,2.537109792
102,2,EBS 1797,EBS 1797,and,2,Low,Virgin,1,218,,25.91,25.91,25.91,4.1,15.10774194,31,1.715014733
103,2,WAC 5,WAC 5,and,2,High,Virgin,4,293,,3.26,3.26,3.26,6,15.10774194,31,0.215783405
104,2,Huagalina,Huagalina,and,2,High,Virgin,4,268,,4.12,4.12,4.12,18.33,15.10774194,31,0.272707862
105,2,WAC 5,WAC 5,and,2,Low,Virgin,2,324,,21.83,21.83,21.83,3.55,15.10774194,31,1.44495452
106,2,Wac 735,Wac 735,and,2,Low,Hancock,4,25,,6.61,6.61,6.61,2.88,15.10774194,31,0.437524021
107,2,EBS 1797,EBS 1797,and,2,High,Hancock,2,232,,40.21,40.21,40.21,23.52,15.10774194,31,2.661549302
108,2,WAC 663,WAC 663,and,2,High,Hancock,4,194,,7.26,7.26,7.26,11.8,15.10774194,31,0.48054832
109,2,Wac 735,Wac 735,and,2,High,Sterile,3,334,,23.22,23.22,23.22,4.39,15.10774194,31,1.536960328
110,2,WAC 5,WAC 5,and,2,Low,Hancock,3,89,,8.62,8.62,8.62,8.61,15.10774194,31,0.57056839
111,2,WAC 663,WAC 663,and,2,Low,Sterile,1,9,,8.83,8.83,8.83,0.62,15.10774194,31,0.584468548
112,2,Huagalina,Huagalina,and,2,Low,Hancock,2,109,,41.43,41.43,41.43,5.73,15.10774194,31,2.742302601
113,2,Wac 735,Wac 735,and,2,High,Virgin,3,7,,NA,0,10,7.02,15.10774194,31,0.661912286
114,2,WAC 663,WAC 663,and,2,Low,Virgin,4,178,,10.44,10.44,10.44,0.34,15.10774194,31,0.691036427
115,2,EBS 1797,EBS 1797,and,2,Low,Hancock,2,361,,31.78,31.78,31.78,2.35,15.10774194,31,2.103557245
116,2,WAC 5,WAC 5,and,2,Low,Virgin,1,6,,10.71,10.71,10.71,1.27,15.10774194,31,0.708908058
117,2,Wac 735,Wac 735,and,2,Low,Virgin,3,67,,11,11,11,1.7,15.10774194,31,0.728103515
118,2,Huagalina,Huagalina,and,2,Low,Sterile,1,397,,57.67,57.67,57.67,6.57,15.10774194,31,3.817248153
119,2,EBS 1797,EBS 1797,and,2,Low,Virgin,3,49,,11.63,11.63,11.63,3.03,15.10774194,31,0.769803989
120,2,EBS 1797,EBS 1797,and,2,Low,Sterile,1,44,,11.66,11.66,11.66,6.56,15.10774194,31,0.771789725
121,2,Wac 735,Wac 735,and,2,Low,Hancock,1,349,,NA,0,46.42,1.85,15.10774194,31,3.072596831
122,2,EBS 1797,EBS 1797,and,2,Low,Hancock,1,53,Flowering,12.3,12.3,12.3,1.4,15.10774194,31,0.814152112
123,2,WAC 5,WAC 5,and,2,Low,Hancock,2,382,,30.44,30.44,30.44,4.97,15.10774194,31,2.014860998
124,2,Wac 735,Wac 735,and,2,Low,Virgin,4,312,,47.45,47.45,47.45,8.83,15.10774194,31,3.140773797
125,2,EBS 1797,EBS 1797,and,2,High,Virgin,3,269,,123.55,123.55,123.55,19.14,15.10774194,31,8.177926293
126,2,WAC 663,WAC 663,and,2,Low,Sterile,2,70,Yellow,15.07,15.07,15.07,1.12,15.10774194,31,0.997501815
127,2,Wac 735,Wac 735,and,2,Low,Hancock,2,352,,NA,0,88.63,1.73,15.10774194,31,5.86652859
128,2,Wac 735,Wac 735,and,2,Low,Sterile,3,48,,25.43,25.43,25.43,5.68,15.10774194,31,1.683242943
129,2,WAC 663,WAC 663,and,2,Low,Virgin,1,295,,21.09,21.09,21.09,2.1,15.10774194,31,1.395973011
130,2,WAC 663,WAC 663,and,2,Low,Virgin,3,176,Yellow,21.52,21.52,21.52,1.5,15.10774194,31,1.424435239
131,2,WAC 5,WAC 5,and,2,Low,Virgin,3,281,,63.57,63.57,63.57,4.91,15.10774194,31,4.207776402
132,2,Huagalina,Huagalina,and,2,High,Sterile,3,396,,16.84,16.84,16.84,9.25,15.10774194,31,1.11466029
133,2,Huagalina,Huagalina,and,2,Low,Virgin,1,156,,17.11,17.11,17.11,9.56,15.10774194,31,1.132531921
134,2,EBS 1797,EBS 1797,and,2,Low,Hancock,4,391,,35.87,35.87,35.87,2.72,15.10774194,31,2.37427937
135,2,EBS 1797,EBS 1797,and,2,High,Hancock,3,274,,18.3,18.3,18.3,10.1,15.10774194,31,1.211299483
136,2,WAC 5,WAC 5,and,2,Low,Virgin,4,215,,60.42,60.42,60.42,7.4,15.10774194,31,3.999274032
137,2,Wac 735,Wac 735,and,2,Low,Sterile,4,98,,18.45,18.45,18.45,4.46,15.10774194,31,1.221228168
138,2,Huagalina,Huagalina,and,2,High,Virgin,3,398,,36.63,36.63,36.63,5.87,15.10774194,31,2.424584703
139,2,Wac 735,Wac 735,and,2,Low,Sterile,2,262,,41.84,41.84,41.84,6.21,15.10774194,31,2.769441004
140,2,EBS 1797,EBS 1797,and,2,Low,Hancock,3,206,,42.81,42.81,42.81,3.95,15.10774194,31,2.833646496
141,2,Wac 735,Wac 735,and,2,Low,Virgin,2,172,,47.92,47.92,47.92,3.42,15.10774194,31,3.171883674
142,2,Huagalina,Huagalina,and,2,Low,Hancock,4,257,,44.87,44.87,44.87,17.79,15.10774194,31,2.970000427
143,2,WAC 663,WAC 663,and,2,Low,Hancock,1,357,,26.47,26.47,26.47,1.12,15.10774194,31,1.752081821
144,2,WAC 5,WAC 5,and,2,Low,Sterile,2,210,,23.05,23.05,23.05,9.11,15.10774194,31,1.525707819
145,2,EBS 1797,EBS 1797,and,2,High,Hancock,4,335,,46.52,46.52,46.52,6.69,15.10774194,31,3.079215954
146,2,WAC 5,WAC 5,and,2,Low,Sterile,4,161,,22.55,22.55,22.55,1.25,15.10774194,31,1.492612205
147,2,Wac 735,Wac 735,and,2,High,Hancock,2,362,,46.15,46.15,46.15,1.77,15.10774194,31,3.0547252
148,2,Huagalina,Huagalina,and,2,Low,Virgin,3,166,,38.39,38.39,38.39,10.27,15.10774194,31,2.541081266
149,2,Wac 735,Wac 735,and,2,Low,Sterile,1,148,,30.88,30.88,30.88,4.95,15.10774194,31,2.043985139
150,2,Wac 735,Wac 735,and,2,Low,Hancock,3,332,,72.66,72.66,72.66,5.48,15.10774194,31,4.80945467
151,2,WAC 663,WAC 663,and,2,Low,Virgin,2,260,,48.04,48.04,48.04,1.96,15.10774194,31,3.179826622
152,2,Huagalina,Huagalina,and,2,Low,Hancock,1,65,,35.4,35.4,35.4,4.78,15.10774194,31,2.343169492
153,2,EBS 1797,EBS 1797,and,2,Low,Virgin,2,290,,39.45,39.45,39.45,3.3,15.10774194,31,2.611243968
154,2,WAC 663,WAC 663,and,2,Low,Hancock,3,231,,36.15,36.15,36.15,1.8,15.10774194,31,2.392812914
155,3,Cor C. 135-11,Cor C 135,chil,3,Low,Hancock,3,23,,NA,0,0,2.05,46.9462069,29,0
156,3,Cor C.95-21,Cor C95,chil,3,High,Virgin,1,177,,NA,0,0,22.78,46.9462069,29,0
157,3,P. Cacho-8,P. Cacho,chil,3,High,Sterile,4,100,,22.34,22.34,22.34,21.16,46.9462069,29,0.475863791
158,3,Cor C. 135-16,Cor C 135,chil,3,High,Hancock,4,182,,29.44,29.44,29.44,3.31,46.9462069,29,0.627100717
159,3,Cor C.56-24,Cor C56,chil,3,High,Virgin,4,68,,4.19,4.19,4.19,4.59,46.9462069,29,0.089251087
160,3,Cor C.95-2,Cor C95,chil,3,Low,Sterile,2,10,,18.35,18.35,18.35,1.12,46.9462069,29,0.390872899
161,3,Cor C.95-24,Cor C95,chil,3,High,Virgin,4,329,,NA,0,0,9.99,46.9462069,29,0
162,3,Cor C. 135-5,Cor C 135,chil,3,High,Sterile,1,330,,23.44,23.44,23.44,3.2,46.9462069,29,0.499294864
163,3,Cor C.95-7,Cor C95,chil,3,High,Sterile,3,333,,NA,0,0,13.96,46.9462069,29,0
164,3,Cor C.95-8,Cor C95,chil,3,High,Sterile,4,251,,NA,0,0,58.72,46.9462069,29,0
165,3,Cor C.95-9,Cor C95,chil,3,Low,Hancock,1,76,,19.64,19.64,19.64,5.19,46.9462069,29,0.418351158
166,3,Cor C.56-8,Cor C56,chil,3,High,Sterile,4,42,,20.16,20.16,20.16,7.6,46.9462069,29,0.429427665
167,3,Cor C.95-5,Cor C95,chil,3,High,Sterile,1,59,,NA,0,0,33.02,46.9462069,29,0
168,3,Cor C.95-13,Cor C95,chil,3,High,Hancock,1,244,,NA,0,0,16.63,46.9462069,29,0
169,3,Cor C. 135-2,Cor C 135,chil,3,Low,Sterile,2,318,,29.05,29.05,29.05,0.5,46.9462069,29,0.618793336
170,3,Cor C. 135-8,Cor C 135,chil,3,High,Sterile,4,241,,11.12,11.12,11.12,8.48,46.9462069,29,0.236866847
171,3,Cor C. 135-3,Cor C 135,chil,3,Low,Sterile,3,212,,39.38,39.38,39.38,2.1,46.9462069,29,0.838832413
172,3,Cor C. 135-18,Cor C 135,chil,3,Low,Virgin,2,146,,16.23,16.23,16.23,0.85,46.9462069,29,0.345714831
173,3,Cor C. 135-4,Cor C 135,chil,3,Low,Sterile,4,127,,11.96,11.96,11.96,0.32,46.9462069,29,0.254759666
174,3,Cor C.56-21,Cor C56,chil,3,High,Virgin,1,328,,40.42,40.42,40.42,5.48,46.9462069,29,0.860985427
175,3,Cor C.95-12,Cor C95,chil,3,Low,Hancock,4,41,,NA,0,0,2.42,46.9462069,29,0
176,3,Cor C.95-23,Cor C95,chil,3,High,Virgin,3,60,,NA,0,0,20.92,46.9462069,29,0
177,3,Cor C.56-13,Cor C56,chil,3,High,Hancock,1,11,,NA,0,0,2.91,46.9462069,29,0
178,3,Cor C. 135-17,Cor C 135,chil,3,Low,Virgin,1,58,,9.76,9.76,9.76,0.85,46.9462069,29,0.20789752
179,3,Cor C.95-14,Cor C95,chil,3,High,Hancock,2,266,,NA,0,0,44.26,46.9462069,29,0
180,3,Cor C.95-16,Cor C95,chil,3,High,Hancock,4,150,,NA,0,0,28.04,46.9462069,29,0
181,3,Cor C. 135-12,Cor C 135,chil,3,Low,Hancock,4,128,,15.77,15.77,15.77,0.35,46.9462069,29,0.335916383
182,3,Cor C.95-15,Cor C95,chil,3,High,Hancock,3,344,,NA,0,32.45,17.06,46.9462069,29,0.691216653
183,3,Cor C.95-3,Cor C95,chil,3,Low,Sterile,3,102,,45.34,45.34,45.34,3.54,46.9462069,29,0.965786226
184,3,Cor C.95-20,Cor C95,chil,3,Low,Virgin,4,188,,116.25,116.25,116.25,6.63,46.9462069,29,2.476238395
185,3,P. Cacho-16,P. Cacho,chil,3,High,Hancock,4,317,,116.85,116.85,116.85,4.18,46.9462069,29,2.48901898
186,3,Cor C.95-22,Cor C95,chil,3,High,Virgin,2,160,Flowering,NA,0,0,26.14,46.9462069,29,0
187,3,Cor C.56-18,Cor C56,chil,3,Low,Virgin,2,81,,30.2,30.2,30.2,1.92,46.9462069,29,0.643289458
188,3,Cor C. 135-20,Cor C 135,chil,3,Low,Virgin,4,371,,36.38,36.38,36.38,0.58,46.9462069,29,0.774929486
189,3,Cor C. 135-22,Cor C 135,chil,3,High,Virgin,2,402,,NA,0,101.84,0.73,46.9462069,29,2.169291339
190,3,Cor C.56-4,Cor C56,chil,3,Low,Sterile,4,138,,30.5,30.5,30.5,2.6,46.9462069,29,0.649679751
191,3,P. Cacho-5,P. Cacho,chil,3,High,Sterile,1,52,,30.65,30.65,30.65,8.66,46.9462069,29,0.652874897
192,3,P. Cacho-6,P. Cacho,chil,3,High,Sterile,2,26,,NA,0,0,9.96,46.9462069,29,0
193,3,Cor C.56-23,Cor C56,chil,3,High,Virgin,3,278,,76.96,76.96,76.96,5.94,46.9462069,29,1.63932307
194,3,Cor C.95-1,Cor C95,chil,3,Low,Sterile,1,279,,83.4,83.4,83.4,2.84,46.9462069,29,1.776501352
195,3,Cor C.95-6,Cor C95,chil,3,High,Sterile,2,271,,NA,0,0,20.01,46.9462069,29,0
196,3,Cor C.95-18,Cor C95,chil,3,Low,Virgin,2,346,,49.96,49.96,49.96,4.2,46.9462069,29,1.064196733
197,3,P. Cacho-24,P. Cacho,chil,3,High,Virgin,4,123,,49.96,49.96,49.96,12.97,46.9462069,29,1.064196733
198,3,Cor C. 135-9,Cor C 135,chil,3,Low,Hancock,1,66,,34.45,34.45,34.45,2.25,46.9462069,29,0.733818604
199,3,Cor C. 135-7,Cor C 135,chil,3,High,Sterile,3,255,,71.99,71.99,71.99,2.06,46.9462069,29,1.533457222
200,3,Cor C.56-15,Cor C56,chil,3,High,Hancock,3,224,,51.25,51.25,51.25,20.56,46.9462069,29,1.091674991
201,3,P. Cacho-7,P. Cacho,chil,3,High,Sterile,3,277,,67.45,67.45,67.45,11.12,46.9462069,29,1.436750793
202,3,Cor C. 135-15,Cor C 135,chil,3,High,Hancock,3,80,,13.22,13.22,13.22,2.95,46.9462069,29,0.281598895
203,3,Cor C. 135-21,Cor C 135,chil,3,High,Virgin,1,203,,53.95,53.95,53.95,5.41,46.9462069,29,1.149187625
204,3,P. Cacho-21,P. Cacho,chil,3,High,Virgin,1,56,,18.94,18.94,18.94,8.12,46.9462069,29,0.403440475
205,3,P. Cacho-14,P. Cacho,chil,3,High,Hancock,2,47,,36.78,36.78,36.78,5.4,46.9462069,29,0.783449877
206,3,Cor C.56-2,Cor C56,chil,3,Low,Sterile,2,378,,68.78,68.78,68.78,2.96,46.9462069,29,1.465081091
207,3,Cor C. 135-19,Cor C 135,chil,3,Low,Virgin,3,287,,96.69,96.69,96.69,1.45,46.9462069,29,2.059591315
208,3,P. Cacho-22,P. Cacho,chil,3,High,Virgin,2,350,,157.52,157.52,157.52,2.49,46.9462069,29,3.355329651
209,3,Cor C.56-10,Cor C56,chil,3,Low,Hancock,2,191,,59.84,59.84,59.84,1.53,46.9462069,29,1.27465037
210,3,Cor C.56-20,Cor C56,chil,3,Low,Virgin,4,187,,84.02,84.02,84.02,3.81,46.9462069,29,1.789707956
211,3,Cor C.95-17,Cor C95,chil,3,Low,Virgin,1,264,,59.35,59.35,59.35,1.89,46.9462069,29,1.264212892
212,3,Cor C.95-19,Cor C95,chil,3,Low,Virgin,3,124,,59.62,59.62,59.62,2.35,46.9462069,29,1.269964156
213,3,P. Cacho-2,P. Cacho,chil,3,Low,Sterile,2,369,,102.25,102.25,102.25,1.25,46.9462069,29,2.178024739
214,3,Cor C.95-4,Cor C95,chil,3,Low,Sterile,4,393,,81.54,81.54,81.54,7.73,46.9462069,29,1.736881537
215,3,Cor C.95-11,Cor C95,chil,3,Low,Hancock,3,36,Flowering,30.26,30.26,143.21,6.92,46.9462069,29,3.050512692
216,3,Cor C.95-10,Cor C95,chil,3,Low,Hancock,2,175,,96.12,96.12,96.12,2.11,46.9462069,29,2.047449759
217,3,P. Cacho-15,P. Cacho,chil,3,High,Hancock,3,54,,50.43,50.43,50.43,8.23,46.9462069,29,1.074208191
218,3,Cor C.56-16,Cor C56,chil,3,High,Hancock,4,143,,82.8,82.8,82.8,11.04,46.9462069,29,1.763720766
219,3,P. Cacho-3,P. Cacho,chil,3,Low,Sterile,3,404,,NA,0,89.81,1.17,46.9462069,29,1.913040604
220,3,Cor C. 135-24,Cor C 135,chil,3,High,Virgin,4,386,,90.56,90.56,90.56,2.79,46.9462069,29,1.929016336
221,3,P. Cacho-4,P. Cacho,chil,3,Low,Sterile,4,327,,88.36,88.36,88.36,1.56,46.9462069,29,1.88215419
222,3,Cor C.56-7,Cor C56,chil,3,High,Sterile,3,154,,29.54,29.54,29.54,7.78,46.9462069,29,0.629230814
223,3,P. Cacho-9,P. Cacho,chil,3,Low,Hancock,1,82,,66.62,66.62,66.62,1.25,46.9462069,29,1.419070984
224,3,P. Cacho-20,P. Cacho,chil,3,Low,Virgin,4,95,,86.24,86.24,86.24,2.06,46.9462069,29,1.836996122
225,3,Cor C.56-6,Cor C56,chil,3,High,Sterile,2,313,,136.07,136.07,136.07,10.1,46.9462069,29,2.898423728
226,3,Cor C.56-5,Cor C56,chil,3,High,Sterile,1,196,,74.15,74.15,74.15,7.91,46.9462069,29,1.579467329
227,3,Cor C.56-17,Cor C56,chil,3,Low,Virgin,1,130,,47.77,47.77,47.77,2.75,46.9462069,29,1.017547597
228,3,Cor C.56-19,Cor C56,chil,3,Low,Virgin,3,315,,72.15,72.15,72.15,4.31,46.9462069,29,1.536865378
229,3,Cor C.56-9,Cor C56,chil,3,Low,Hancock,1,406,,94.05,94.05,94.05,2.14,46.9462069,29,2.00335674
230,3,P. Cacho-11,P. Cacho,chil,3,Low,Hancock,3,359,,100.8,100.8,100.8,1.16,46.9462069,29,2.147138324
231,3,P. Cacho-1,P. Cacho,chil,3,Low,Sterile,1,325,,90.75,90.75,90.75,2.59,46.9462069,29,1.933063521
232,3,Cor C.56-1,Cor C56,chil,3,Low,Sterile,1,294,,95.06,95.06,95.06,1.56,46.9462069,29,2.024870725
233,3,P. Cacho-10,P. Cacho,chil,3,Low,Hancock,2,141,,100.78,100.78,100.78,0.95,46.9462069,29,2.146712305
234,3,P. Cacho-19,P. Cacho,chil,3,Low,Virgin,3,339,,118.65,118.65,118.65,1.51,46.9462069,29,2.527360736
235,3,Cor C.56-11,Cor C56,chil,3,Low,Hancock,3,225,,81.3,81.3,81.3,2.73,46.9462069,29,1.731769303
236,4,Garnet-12,Garnet,chil,4,Low,Hancock,4,201,,81.04,81.04,81.04,0.75,71.13625,8,1.139222267
237,4,Garnet-23,Garnet,chil,4,High,Virgin,3,296,,135.28,135.28,135.28,4.96,71.13625,8,1.901702718
238,4,Garnet-22,Garnet,chil,4,High,Virgin,2,37,,81.77,81.77,30.26,5.41,71.13625,8,0.425380871
239,4,Garnet-20,Garnet,chil,4,Low,Virgin,4,336,,125.37,125.37,125.37,2,71.13625,8,1.762392592
240,4,Garnet-18,Garnet,chil,4,Low,Virgin,2,105,,73.13,73.13,73.13,1.3,71.13625,8,1.028027201
241,4,Garnet-1,Garnet,chil,4,Low,Sterile,1,38,,47.93,47.93,81.77,0.48,71.13625,8,1.149484264
242,4,Garnet-3,Garnet,chil,4,Low,Sterile,3,69,,45.37,45.37,45.37,0.76,71.13625,8,0.637790156
243,4,Garnet-5,Garnet,chil,4,High,Sterile,1,348,,NA,0,0,6.27,71.13625,8,0
244,4,Garnet-4,Garnet,chil,4,Low,Sterile,4,394,,150.91,150.91,150.91,1.73,71.13625,8,2.121421919
245,4,Garnet-8,Garnet,chil,4,High,Sterile,4,223,,NA,0,0,10.62,71.13625,8,0
246,4,Garnet-17,Garnet,chil,4,Low,Virgin,1,20,,75.02,75.02,75.02,1.2,71.13625,8,1.054595934
247,4,Garnet-15,Garnet,chil,4,High,Hancock,3,399,,NA,0,136.16,5.06,71.13625,8,1.914073345
248,4,Garnet-24,Garnet,chil,4,High,Virgin,4,163,,80.57,80.57,80.57,4.34,71.13625,8,1.132615228
249,4,Garnet-10,Garnet,chil,4,Low,Hancock,2,32,,92.08,92.08,13.22,1.08,71.13625,8,0.185840552
250,4,Garnet-6,Garnet,chil,4,High,Sterile,2,360,,100.8,100.8,100.8,3.29,71.13625,8,1.416999069
251,4,Garnet-9,Garnet,chil,4,Low,Hancock,1,74,,85.48,85.48,85.48,0.94,71.13625,8,1.201637702
252,4,Garnet-13,Garnet,chil,4,High,Hancock,1,157,,118.89,118.89,118.89,4.34,71.13625,8,1.671299794
253,4,Garnet-2,Garnet,chil,4,Low,Sterile,2,118,,90.73,90.73,90.73,1.22,71.13625,8,1.275439737
254,4,Garnet-21,Garnet,chil,4,High,Virgin,1,221,,148.48,148.48,148.48,4.08,71.13625,8,2.08726212
255,4,Garnet-7,Garnet,chil,4,High,Sterile,3,145,,99.51,99.51,99.51,1.35,71.13625,8,1.398864854
256,4,Garnet-14,Garnet,chil,4,High,Hancock,2,311,,166.3,166.3,166.3,4.95,71.13625,8,2.337767313
257,4,Garnet-19,Garnet,chil,4,Low,Virgin,3,115,,70.45,70.45,70.45,1.16,71.13625,8,0.99035302
258,5,Snowden,Snowden,elite,6,Low,Sterile,4,183,,NA,0,45.32,0.57,91.54413793,29,0.495061738
259,5,Snowden,Snowden,elite,6,High,Virgin,3,387,,NA,0,0,9.52,91.54413793,29,0
260,5,Ranger,Ranger,elite,6,Low,Sterile,4,291,,80.36,80.36,80.36,0.83,91.54413793,29,0.877827918
261,5,Ranger,Ranger,elite,6,Low,Virgin,3,144,,39.2,39.2,39.2,0.32,91.54413793,29,0.42820874
262,5,Snowden,Snowden,elite,6,Low,Virgin,3,208,,NA,0,56.67,0.35,91.54413793,29,0.619045646
263,5,Snowden,Snowden,elite,6,High,Sterile,2,1,,10.66,10.66,10.66,3.74,91.54413793,29,0.116446561
264,5,Ranger,Ranger,elite,6,Low,Hancock,4,96,,62.21,62.21,62.21,0.55,91.54413793,29,0.679562902
265,5,Burbank,Burbank,elite,5,Low,Virgin,4,272,,80.51,80.51,80.51,0.76,91.54413793,29,0.879466472
266,5,Ranger,Ranger,elite,6,Low,Hancock,1,51,,44.27,44.27,44.27,0.37,91.54413793,29,0.483591861
267,5,Burbank,Burbank,elite,5,Low,Virgin,2,380,,NA,0,0,1.27,91.54413793,29,0
268,5,Ranger,Ranger,elite,6,Low,Virgin,2,235,,40.89,40.89,40.89,0.4,91.54413793,29,0.446669781
269,5,Norkodah,Norkodah,elite,6,Low,Virgin,1,254,,62.93,62.93,62.93,NA,91.54413793,29,0.68742796
270,5,Snowden,Snowden,elite,6,Low,Virgin,4,94,,NA,0,83.82,1.86,91.54413793,29,0.915623894
271,5,Burbank,Burbank,elite,5,Low,Virgin,1,140,,60.94,60.94,60.94,1.6,91.54413793,29,0.665689812
272,5,Burbank,Burbank,elite,5,Low,Sterile,1,198,,83.16,83.16,83.16,0.72,91.54413793,29,0.908414257
273,5,Burbank,Burbank,elite,5,Low,Sterile,4,403,,NA,0,60.64,0.27,91.54413793,29,0.662412705
274,5,Norkodah,Norkodah,elite,6,High,Virgin,3,209,,NA,0,0,3.16,91.54413793,29,0
275,5,Snowden,Snowden,elite,6,Low,Virgin,2,106,,NA,0,48.69,0.91,91.54413793,29,0.531874581
276,5,Norkodah,Norkodah,elite,6,Low,Hancock,4,345,,63.84,63.84,63.84,0.35,91.54413793,29,0.69736852
277,5,Norkodah,Norkodah,elite,6,High,Hancock,2,39,,119,119,47.93,1.06,91.54413793,29,0.523572575
278,5,Burbank,Burbank,elite,5,Low,Sterile,2,261,,66.5,66.5,66.5,0.49,91.54413793,29,0.726425542
279,5,Snowden,Snowden,elite,6,High,Sterile,4,395,,85.04,85.04,85.04,5.68,91.54413793,29,0.928950798
280,5,Ranger,Ranger,elite,6,High,Hancock,2,35,,143.21,143.21,92.08,1.89,91.54413793,29,1.005853592
281,5,Ranger,Ranger,elite,6,Low,Hancock,3,90,,46.76,46.76,46.76,0.45,91.54413793,29,0.510791855
282,5,Snowden,Snowden,elite,6,Low,Hancock,2,236,,67.47,67.47,67.47,0.66,91.54413793,29,0.737021523
283,5,Ranger,Ranger,elite,6,Low,Sterile,2,302,,NA,0,60.85,0.76,91.54413793,29,0.66470668
284,5,Snowden,Snowden,elite,6,Low,Hancock,1,165,,NA,0,60.92,2.31,91.54413793,29,0.665471338
285,5,Snowden,Snowden,elite,6,High,Hancock,2,384,,55.14,55.14,55.14,6.82,91.54413793,29,0.602332397
286,5,Norkodah,Norkodah,elite,6,Low,Sterile,3,228,,55.9,55.9,55.9,0.47,91.54413793,29,0.610634403
287,5,Norkodah,Norkodah,elite,6,Low,Sterile,2,108,,56.59,56.59,56.59,0.23,91.54413793,29,0.618171751
288,5,Burbank,Burbank,elite,5,Low,Sterile,3,248,,97.09,97.09,97.09,1.31,91.54413793,29,1.060581291
289,5,Norkodah,Norkodah,elite,6,High,Sterile,2,200,,99.19,99.19,99.19,1.07,91.54413793,29,1.083521045
290,5,Burbank,Burbank,elite,5,High,Virgin,3,30,,45.98,45.98,45.98,9.67,91.54413793,29,0.502271375
291,5,Snowden,Snowden,elite,6,High,Virgin,2,366,,100.3,100.3,100.3,9.91,91.54413793,29,1.095646344
292,5,Snowden,Snowden,elite,6,Low,Virgin,1,107,,NA,0,50.61,1.53,91.54413793,29,0.55284807
293,5,Norkodah,Norkodah,elite,6,Low,Virgin,3,354,,81.36,81.36,81.36,0.31,91.54413793,29,0.88875161
294,5,Norkodah,Norkodah,elite,6,Low,Sterile,1,79,,51.87,51.87,51.87,0.56,91.54413793,29,0.566611923
295,5,Ranger,Ranger,elite,6,Low,Hancock,2,282,,52.94,52.94,52.94,52.01,91.54413793,29,0.578300273
296,5,Norkodah,Norkodah,elite,6,Low,Virgin,4,170,,81.82,81.82,81.82,0.29,91.54413793,29,0.893776509
297,5,Norkodah,Norkodah,elite,6,Low,Virgin,2,173,Yellow,82.55,82.55,82.55,0.5,91.54413793,29,0.901750804
298,5,Burbank,Burbank,elite,5,High,Hancock,3,323,,102.34,102.34,102.34,4.47,91.54413793,29,1.117930676
299,5,Burbank,Burbank,elite,5,Low,Hancock,1,219,,103.03,103.03,103.03,0.81,91.54413793,29,1.125468024
300,5,Ranger,Ranger,elite,6,High,Hancock,4,298,,83.2,83.2,83.2,0.43,91.54413793,29,0.908851204
301,5,Norkodah,Norkodah,elite,6,High,Sterile,3,86,,112.25,112.25,112.25,1.28,91.54413793,29,1.226184467
302,5,Burbank,Burbank,elite,5,High,Hancock,4,113,,113.55,113.55,113.55,5.85,91.54413793,29,1.240385267
303,5,Snowden,Snowden,elite,6,Low,Sterile,3,137,,NA,0,64.75,1.91,91.54413793,29,0.70730908
304,5,Burbank,Burbank,elite,5,Low,Hancock,4,91,,84.11,84.11,84.11,0.86,91.54413793,29,0.918791764
305,5,Burbank,Burbank,elite,5,Low,Hancock,2,331,,84.91,84.91,84.91,0.71,91.54413793,29,0.927530718
306,5,Ranger,Ranger,elite,6,High,Sterile,3,299,,118.12,118.12,118.12,1.55,91.54413793,29,1.290306541
307,5,Snowden,Snowden,elite,6,Low,Sterile,1,226,,NA,0,60.15,0.51,91.54413793,29,0.657060095
308,5,Burbank,Burbank,elite,5,High,Sterile,1,347,,NA,0,100.95,4.11,91.54413793,29,1.102746744
309,5,Snowden,Snowden,elite,6,Low,Hancock,3,199,,86.77,86.77,86.77,1.01,91.54413793,29,0.947848786
310,5,Snowden,Snowden,elite,6,High,Virgin,1,73,,67.48,67.48,67.48,8.08,91.54413793,29,0.73713076
311,5,Snowden,Snowden,elite,6,High,Hancock,1,168,,123.83,123.83,123.83,8.84,91.54413793,29,1.352680825
312,5,Burbank,Burbank,elite,5,High,Hancock,1,131,,124.32,124.32,124.32,7.37,91.54413793,29,1.358033434
313,5,Ranger,Ranger,elite,6,Low,Virgin,4,195,,68.95,68.95,68.95,0.66,91.54413793,29,0.753188588
314,5,Norkodah,Norkodah,elite,6,High,Virgin,2,57,,128.8,128.8,128.8,0.89,91.54413793,29,1.406971576
315,5,Ranger,Ranger,elite,6,Low,Sterile,3,133,,70.37,70.37,70.37,2.11,91.54413793,29,0.768700231
316,5,Norkodah,Norkodah,elite,6,High,Sterile,4,365,,115.09,115.09,115.09,0.62,91.54413793,29,1.257207754
317,5,Norkodah,Norkodah,elite,6,Low,Hancock,2,358,,70.77,70.77,70.77,0.24,91.54413793,29,0.773069708
318,5,Burbank,Burbank,elite,5,High,Sterile,3,142,,137.02,137.02,137.02,7.81,91.54413793,29,1.496764327
319,5,Ranger,Ranger,elite,6,High,Sterile,1,63,,137.78,137.78,137.78,4.13,91.54413793,29,1.505066333
320,5,Snowden,Snowden,elite,6,High,Sterile,1,321,,140.02,140.02,140.02,9,91.54413793,29,1.529535404
321,5,Burbank,Burbank,elite,5,High,Virgin,1,132,,142.23,142.23,142.23,11.09,91.54413793,29,1.553676764
322,5,Norkodah,Norkodah,elite,6,Low,Hancock,3,213,,94.5,94.5,94.5,1.23,91.54413793,29,1.032288928
323,5,Burbank,Burbank,elite,5,Low,Virgin,3,246,,94.82,94.82,94.82,1.44,91.54413793,29,1.035784509
324,5,Snowden,Snowden,elite,6,High,Virgin,4,186,,149.13,149.13,149.13,6.24,91.54413793,29,1.629050241
325,5,Snowden,Snowden,elite,6,Low,Sterile,2,237,,76.16,76.16,76.16,1.37,91.54413793,29,0.83194841
326,5,Burbank,Burbank,elite,5,High,Virgin,2,343,,156.24,156.24,156.24,7.6,91.54413793,29,1.706717694
327,5,Snowden,Snowden,elite,6,High,Sterile,3,275,,77.9,77.9,77.9,4.79,91.54413793,29,0.850955635
328,5,Burbank,Burbank,elite,5,High,Virgin,4,114,,161.11,161.11,161.11,4.78,91.54413793,29,1.759916076
329,5,Burbank,Burbank,elite,5,High,Sterile,2,407,,162.18,162.18,162.18,5.72,91.54413793,29,1.771604427
330,5,Ranger,Ranger,elite,6,Low,Sterile,1,152,,39.26,39.26,39.26,0.42,91.54413793,29,0.428864162
331,5,Norkodah,Norkodah,elite,6,High,Virgin,4,197,,167,167,167,0.72,91.54413793,29,1.824256624
332,5,Burbank,Burbank,elite,5,High,Hancock,2,309,,174.46,174.46,174.46,8.62,91.54413793,29,1.905747369
333,5,Snowden,Snowden,elite,6,High,Hancock,3,258,,177,177,177,5.31,91.54413793,29,1.933493547
334,5,Ranger,Ranger,elite,6,High,Virgin,3,247,,180.09,180.09,180.09,1.09,91.54413793,29,1.967247757
335,5,Ranger,Ranger,elite,6,High,Virgin,1,12,,181.68,181.68,181.68,3.14,91.54413793,29,1.984616428
336,5,Burbank,Burbank,elite,5,High,Sterile,4,243,,191.05,191.05,191.05,7.32,91.54413793,29,2.086971425
337,5,Ranger,Ranger,elite,6,High,Virgin,4,120,,193.56,193.56,193.56,2.12,91.54413793,29,2.114389893
338,5,Ranger,Ranger,elite,6,High,Sterile,2,162,,198.56,198.56,198.56,3.45,91.54413793,29,2.169008355
339,5,Norkodah,Norkodah,elite,6,High,Virgin,1,364,,202.1,202.1,202.1,0.84,91.54413793,29,2.207678226
340,5,Ranger,Ranger,elite,6,High,Virgin,2,136,,228.93,228.93,228.93,2.17,91.54413793,29,2.500760892
